epoch,time,train/box_loss,train/seg_loss,train/cls_loss,train/dfl_loss,train/sem_loss,metrics/precision(B),metrics/recall(B),metrics/mAP50(B),metrics/mAP50-95(B),metrics/precision(M),metrics/recall(M),metrics/mAP50(M),metrics/mAP50-95(M),val/box_loss,val/seg_loss,val/cls_loss,val/dfl_loss,val/sem_loss,lr/pg0,lr/pg1,lr/pg2
1,247.189,1.80064,5.45547,2.59573,1.46594,0,0.39741,0.1136,0.11254,0.05096,0.02362,0.01116,0.00089,0.00017,1.82019,5.29699,2.97462,1.51263,0,0.000656863,0.000656863,0.000656863
2,489.432,1.7756,5.10038,2.00602,1.40362,0,0.35425,0.33652,0.26377,0.11691,0.00285,0.01116,0.0001,1e-05,1.7596,5.46192,2.18293,1.49496,0,0.00125801,0.00125801,0.00125801
3,732.411,1.80421,5.10272,1.88779,1.42716,0,0.29575,0.21212,0.17016,0.07334,0.06998,0.0638,0.01185,0.00257,1.87345,5.54956,2.43469,1.52383,0,0.00179317,0.00179317,0.00179317
4,975.25,1.76351,5.07775,1.78619,1.41687,0,0.47177,0.3126,0.30982,0.14161,0.1799,0.17065,0.06176,0.01488,1.71358,5.21192,1.82961,1.47595,0,0.001703,0.001703,0.001703
5,1217.45,1.73732,5.0373,1.6844,1.35851,0,0.34311,0.32057,0.26804,0.12183,0.0861,0.10048,0.02159,0.00474,1.6997,5.16368,1.96369,1.39196,0,0.001604,0.001604,0.001604
6,1468.82,1.691,5.03713,1.6386,1.3576,0,0.48346,0.32057,0.31917,0.14813,0.16399,0.14354,0.04652,0.01234,1.6761,5.17665,1.67447,1.35291,0,0.001505,0.001505,0.001505
7,1709.63,1.67291,5.05445,1.54728,1.32687,0,0.36519,0.31419,0.25907,0.11353,0.09992,0.12919,0.03374,0.0077,1.70764,5.15137,1.87817,1.45742,0,0.001406,0.001406,0.001406
8,1947.02,1.64316,5.01969,1.4988,1.29765,0,0.54737,0.38596,0.41113,0.19629,0.11441,0.14354,0.03879,0.0079,1.56859,5.14327,1.46529,1.29328,0,0.001307,0.001307,0.001307
9,2187.08,1.61247,5.01006,1.44933,1.28007,0,0.48169,0.41946,0.39608,0.19315,0.18228,0.15892,0.05475,0.01406,1.53886,5.1703,1.39863,1.26469,0,0.001208,0.001208,0.001208
